"Date","Ticket","Service","Method","Taxable (INR)","CGST (INR)","SGST (INR)","GST (INR)","Gross (INR)"
"2026-09-28","76","Dine-in","cash","220.00","5.50","5.50","11.00","231.00"
"2026-09-28","81","Dine-in","upi","440.00","11.00","11.00","22.00","462.00"
"2026-09-28","91","Dine-in","upi","440.00","11.00","11.00","22.00","462.00"
"2026-09-29","63","Dine-in","upi","220.00","5.50","5.50","11.00","231.00"
"2026-09-29","78","Dine-in","upi","220.00","5.50","5.50","11.00","231.00"
"2026-09-29","84","Dine-in","upi","440.00","11.00","11.00","22.00","462.00"
"2026-09-29","89","Dine-in","upi","220.00","5.50","5.50","11.00","231.00"
"2026-09-30","64","Takeaway","cash","440.00","11.00","11.00","22.00","462.00"
"2026-09-30","75","Dine-in","upi","220.00","5.50","5.50","11.00","231.00"
"2026-09-30","82","Dine-in","cash","220.00","5.50","5.50","11.00","231.00"
"2026-09-30","86","Dine-in","upi","220.00","5.50","5.50","11.00","231.00"
"2026-09-30","92","Dine-in","cash","220.00","5.50","5.50","11.00","231.00"
"2026-09-30","95","Dine-in","cash","220.00","5.50","5.50","11.00","231.00"
"2026-10-02","48","Dine-in","upi","390.00","9.75","9.75","19.50","409.50"
"2026-10-02","55","Dine-in","upi","280.00","7.00","7.00","14.00","294.00"
"2026-10-02","73","Takeaway","upi","180.00","4.50","4.50","9.00","189.00"
"2026-10-02","74","Dine-in","cash","260.00","6.50","6.50","13.00","273.00"
"2026-10-02","77","Dine-in","upi","440.00","11.00","11.00","22.00","462.00"
"2026-10-02","80","Dine-in","upi","220.00","5.50","5.50","11.00","231.00"
"2026-10-02","83","Dine-in","upi","220.00","5.50","5.50","11.00","231.00"
"2026-10-02","87","Dine-in","upi","440.00","11.00","11.00","22.00","462.00"
"2026-10-02","90","Dine-in","upi","440.00","11.00","11.00","22.00","462.00"
"2026-10-02","93","Dine-in","upi","220.00","5.50","5.50","11.00","231.00"
"2026-10-03","126","Dine-in","cash","280.00","7.00","7.00","14.00","294.00"
"TOTAL","","","","7110.00","177.75","177.75","355.50","7465.50"